i001	
i002	
i003	
i004	2025-11-20 21:24
i005	
i006	
i007	
i008	2023-12-27 14:06
i009	2023-12-31 17:43
i010	2023-12-31 18:20
i011	
i012	
i013	
i014	
i015	2025-11-20 21:23
i016	2025-11-20 21:24
i017	2025-04-23 18:21
i018	2025-11-26 22:28
i019	
i020	2025-11-24 09:55
i021	2025-12-24 16:58
i022	2025-05-01 21:26
i023	2025-11-26 22:27
i024	
i025	2025-11-15 16:53
i026	2025-11-19 21:06
i027	
i028	2025-12-05 18:20
i029	
i030	2025-04-30 15:28
i031	2025-08-04 18:50
i032	
i033	
i034	
i035	
i036	
i037	2025-11-26 22:28
i038	2025-04-30 15:22
i039	
i040	
i041	2025-11-15 13:30
i042	2025-04-30 18:58
i043	
i044	
i045	2025-04-30 18:56
i046	2025-11-26 22:28
i047	
i048	
i049	2025-11-26 22:26
i050	2025-04-30 15:22
i051	2025-11-19 21:05
i052	2025-04-23 19:16
i053	2025-04-26 11:55
i054	
i055	2025-11-19 21:05
i056	
i057	2025-11-24 10:03
i058	2026-07-20 20:48
i059	2025-11-26 22:26
i060	
i061	
i062	2025-12-24 16:56
i063	
i064	2025-04-26 11:32
i065	
i066	
i067	
i068	2025-04-30 18:56
i069	
i070	
i071	2024-07-22 16:01
i072	2024-07-23 21:23
i073	2024-07-24 10:28
i074	2024-07-24 16:15
i075	2024-01-14 18:36
i076	2026-02-14 18:02
i077	2024-01-21 15:37
i078	2024-01-26 15:01
i079	2024-01-27 11:24
i080	2024-08-17 20:13
i081	
i082	2024-09-03 20:07
i083	2024-09-05 18:11
i084	2024-09-05 22:25
i085	2024-03-02 12:43
i086	2026-03-21 19:25
i087	2024-09-22 16:08
i088	2024-09-22 16:13
i089	2023-10-22 13:04
i090	2023-10-28 13:51
i091	2024-10-06 12:41
i092	2024-10-07 19:17
i093	2024-10-07 19:50
i094	2024-10-07 19:56
i095	2024-10-08 18:11
i096	2024-10-08 18:48
i097	2023-11-03 20:13
i098	2025-04-22 16:26
i099	
i100	
i101	2023-11-16 22:53
i102	2025-04-23 09:46
i103	
i104	2024-12-24 16:27
i105	
i106	2024-11-16 21:58
i107	2025-04-23 13:45
i108	2023-12-01 20:04
i109	2024-11-19 19:32
i110	
i111	
i112	2025-04-26 08:58
i113	2025-04-26 10:29
i114	2025-04-26 10:54
i115	2025-04-26 13:03
i116	2025-04-26 13:03
i117	2024-05-04 19:36
i118	2023-12-16 17:41
i119	2025-04-27 08:20
i120	2026-05-02 12:22
i121	2026-05-02 12:36
i122	
i123	2025-04-28 12:14
i124	2024-12-20 20:57
i125	2025-04-29 10:23
i126	2025-04-29 10:27
i127	2024-12-24 14:53
i128	2024-12-24 20:58
i129	2024-06-02 13:43
i130	2025-01-01 14:51
i131	2025-01-01 18:26
i132	2024-06-09 18:52
i133	2025-01-04 18:20
i134	2025-01-05 21:44
i135	2025-01-06 00:24
i136	2025-01-06 00:25
i137	2025-01-06 00:56
i138	2024-06-21 15:46
i139	2025-01-06 17:36
i140	2024-06-22 14:38
i141	2025-01-07 13:53
i142	2025-01-07 14:57
i143	2025-01-08 11:27
i144	2026-06-19 19:47
i145	2025-01-08 14:55
i146	2026-06-20 11:31
i147	2025-05-02 12:33
i148	2025-05-02 13:03
i149	2025-05-03 15:27
i150	2025-05-10 10:19
i151	2025-05-11 13:25
i152	2025-01-11 20:34
i153	2025-05-11 14:48
i154	2026-07-04 14:26
i155	2025-05-16 20:33
i156	2026-07-04 14:47
i157	2025-05-17 14:20
i158	2026-07-04 16:06
i159	2026-07-04 16:08
i160	2025-01-13 17:28
i161	2026-07-04 16:10
i162	2025-01-14 13:52
i163	2025-05-30 19:48
i164	2025-01-14 17:18
i165	2025-05-31 10:54
i166	2025-01-14 22:54
i167	2025-01-14 23:13
i168	2025-01-15 11:00
i169	2025-01-15 11:16
i170	2025-01-15 21:37
i171	2025-01-17 12:42
i172	2025-01-18 18:22
i173	2025-01-18 20:42
i174	
i175	2025-01-25 16:54
i176	2025-01-27 11:18
i177	2025-01-27 12:21
i178	
i179	2025-01-28 21:47
i180	2025-01-29 00:05
i181	2025-01-29 15:09
i182	2025-01-29 15:37
i183	2025-01-29 22:52
i184	2025-01-30 08:13
i185	2025-01-30 09:43
i186	2025-01-30 09:53
i187	2025-01-30 10:01
i188	2025-01-30 10:25
i189	2025-02-01 14:57
i190	2025-11-17 15:43
i191	2025-02-02 14:36
i192	2025-11-19 12:48
i193	2025-02-06 19:42
i194	2025-02-09 09:14
i195	2025-02-09 09:56
i196	2025-11-20 09:05
i197	2025-02-09 15:11
i198	2025-02-10 13:53
i199	2025-11-21 13:04
i200	2025-02-11 13:37
i201	2025-11-26 06:21
i202	2025-11-29 13:36
i203	2025-12-05 19:35
i204	2025-12-07 15:44
i205	2025-12-13 18:21
i206	2025-12-19 16:10
i207	2025-12-27 16:31
i208	2026-01-18 14:08
