video	v01	04375d38-01f8-41a3-83f6-23cf1adc757f.MP4	43
video	v02	1914a7fd666b5ab91d8a66e9767b3d35.MP4	15
video	v03	39be167c-2cf3-4ee4-97fa-36a1c1684bbd.MP4	17
video	v04	6A7A3068-6718-4D4F-BEA6-F6104EB1781A.MOV	72
video	v05	84ae4bdb-a9ef-4eb9-a68b-6656bad0dbfa.MP4	26
video	v06	DJI_20250430124950_0002_D.MP4	118
video	v07	FOODIE_1745322572.MP4	11
video	v08	FOODIE_1767546848.MP4	9
video	v09	FOODIE_1770572208.MP4	5
video	v10	FOODIE_1772473454.MP4	10
video	v11	FOODIE_1782665450.MP4	9
video	v12	IMG_0017.MOV	6
video	v13	IMG_0377.MOV	12
video	v14	IMG_0619.MOV	6
video	v15	IMG_0662.MOV	11
video	v16	IMG_0677.MOV	15
video	v17	IMG_0842.MOV	1
video	v18	IMG_1136.MOV	6
video	v19	IMG_1215.MOV	9
video	v20	IMG_1900.MOV	8
video	v21	IMG_2254.MOV	7
video	v22	IMG_2255.MOV	4
video	v23	IMG_2456.MOV	14
video	v24	IMG_2515.MOV	8
video	v25	IMG_2538.MOV	6
video	v26	IMG_2631.MOV	6
video	v27	IMG_2632.MOV	11
video	v28	IMG_3073.mov	8
video	v29	IMG_3128.MOV	9
video	v30	IMG_3202.MOV	1
video	v31	IMG_3260.MOV	11
video	v32	IMG_3287.MOV	7
video	v33	IMG_3532.MOV	17
video	v34	IMG_3659.MOV	9
video	v35	IMG_3662.MOV	11
video	v36	IMG_3969.MOV	7
video	v37	IMG_3989.MOV	9
video	v38	IMG_4512.MOV	6
video	v39	IMG_4584.MOV	12
video	v40	IMG_5423.MOV	12
video	v41	IMG_5613.MOV	10
video	v42	IMG_5742.MOV	12
video	v43	IMG_5805.MOV	9
video	v44	IMG_5952.MOV	9
video	v45	IMG_5967.MOV	9
video	v46	IMG_6448.MOV	13
video	v47	IMG_6524.MOV	7
video	v48	IMG_6660.MOV	7
video	v49	IMG_6827.MOV	8
video	v50	IMG_6866.MOV	11
video	v51	IMG_6955.MOV	5
video	v52	IMG_7193.MOV	11
video	v53	IMG_7912.MOV	11
video	v54	e95f6a66-01ec-4667-a0e3-347a2a455243.MP4	3
video	v55	f55e2a90-930f-47cd-99b8-09c57ad9857a.MP4	7
video	v56	fafda0a7-9dd0-48ce-822a-c1b2b6f83492.MP4	15
image	i001	0.PNG	
image	i002	05d9b176-23e9-47ca-bf42-26750b87ba3a.JPG	
image	i003	0ba24785-85f5-4221-aabc-ddf0ba75d02c.JPG	
image	i004	0eaf175c-4cc9-4282-b837-f114308f98bd.JPG	
image	i005	1335d8e3-5ed5-443f-9095-274d45680f08.JPG	
image	i006	1af30587-6191-4d0b-bf56-7bf8476f0eee.JPG	
image	i007	1c69cd18-53c3-471d-9c71-4f12910f7b7a.jpg	
image	i008	20231227_140623.JPG	
image	i009	20231231_174322.jpg	
image	i010	20231231_182031.JPG	
image	i011	20c9acf8-a483-4bc3-bc31-093e9dd48b47.JPG	
image	i012	27a53ac3-57cd-4fae-addd-29082cb3b5a8.JPG	
image	i013	2d216e91-64c0-4e55-a3a1-cf90c1540302.JPG	
image	i014	2d8055e7-56d7-42f9-9c6e-a421bc423204.JPG	
image	i015	2f1d3192-6eb6-455e-b8f4-dd1daa6719b8.JPG	
image	i016	31d2225a-fcce-4b34-b952-1d857576e626.JPG	
image	i017	37915391-ff5b-49e3-9bab-e12a41045a01.jpg	
image	i018	41eceed0-0a20-46ed-8077-a582306ec034.JPG	
image	i019	44f4208d-b66a-421d-ae4a-673d961fe6a0.JPG	
image	i020	44ff7f84-1798-4c59-a7a4-dff7175669d2.JPG	
image	i021	46724100-68ff-43be-90ee-72e98e2ee4d5.JPG	
image	i022	49bbb70a-d60a-4a5a-a95d-b7f61f1e6284.JPG	
image	i023	4b36a7fc-b476-447b-ac90-33b2560bf9f3.JPG	
image	i024	50bf6588-5620-4876-9dc1-5114fb9b8052.JPG	
image	i025	5ef06949-638e-4e4f-8200-d02af6b3d5f9.JPG	
image	i026	5f55c200-6eac-424f-a8c4-7a809a2bcd48.JPG	
image	i027	628b5923-b496-4453-9133-447f86dff218.JPG	
image	i028	7171fb90-1e70-464b-986c-6c07434971aa.JPG	
image	i029	745c2b71-6fcd-4c51-b3f7-2f514f47bd61.JPG	
image	i030	777a7412-5616-4e8d-8b74-85e553c9bb74.JPG	
image	i031	793524e5-e89e-4e8b-b9af-e020f8113ea6.JPG	
image	i032	7e07d64c-b427-4bbb-aba8-d9f951b7d108.JPG	
image	i033	7e856098-312a-45a6-8042-3f04beccacb0.JPG	
image	i034	7f25d53d-7736-4c7f-b73f-c04efa872d01.JPG	
image	i035	80b1435b-f187-4099-a709-8cd6472dd972.JPG	
image	i036	80d15446-cc15-4495-aaa0-bc729883d4aa.JPG	
image	i037	829f1d4d-60b2-4773-b7eb-d3cfeb7d4431.JPG	
image	i038	8918d499-7d6b-45af-b66b-2d2be1a4382d.JPG	
image	i039	89d90665-c191-47d7-99d2-6d329ac543f3.JPG	
image	i040	8b8768c3-8f56-4592-8a60-4c4c63733cab.jpg	
image	i041	a4e629e3-b3bb-49a0-931f-9b3714390fe9.JPG	
image	i042	a7aae18f-029f-46d8-8c9f-2016e471727b.JPG	
image	i043	aa81f4c8-7f95-4901-b578-8a106b4fbf75.JPG	
image	i044	ab3b42a2-025c-4ff0-90af-1e444567b313.jpg	
image	i045	ac3113d8-8716-4ce2-b92e-4be17ce5df04.JPG	
image	i046	b14204c6-474a-44da-ae4d-1cbc7b429eb6.JPG	
image	i047	b249468b-72e2-46e3-8d66-fdc12533e91f.JPG	
image	i048	b5b53e65-9fb1-4c77-b5b6-7422ad700818.JPG	
image	i049	b9c011a1-80c5-4f2d-bf47-ff4f39dcb761.JPG	
image	i050	babd6720-f831-4dac-8fcc-523511796213.JPG	
image	i051	bccb312b-a414-4bab-b3cd-dcfe6171df67.JPG	
image	i052	bdc08430-4958-4dea-8440-1290eca761cd.jpg	
image	i053	bdc110c3-2648-45e3-839d-2813fc8202d5.JPG	
image	i054	c05dc146-1190-4b7f-867a-f73e0ecc3240.JPG	
image	i055	c1a45ae2-3354-4344-b922-8f9324672913.JPG	
image	i056	c3bfd15e-372a-4f82-91dc-bf9fa7368f50.JPG	
image	i057	c511488c-c030-47ca-afdf-5bd8df48fe9f.JPG	
image	i058	c61045b6-d3f7-4d81-ad95-64a2cb8aa1e8.JPG	
image	i059	c98eac9c-c3c6-419f-b836-dc4dfa0d6917.JPG	
image	i060	ca7671a9-3909-4215-97b2-3c846dfd5a39.JPG	
image	i061	cf5a901c-3f4e-4e21-8102-17cea652a7ee.JPG	
image	i062	d4194701-151a-499e-98a4-b0116ccd0f66.JPG	
image	i063	d5c33cf5-8875-4a64-8664-51bac17beb1a.JPG	
image	i064	db7d25b6-d302-4d1b-8141-82f351624f1d.jpg	
image	i065	e2c5de3b-c8dc-48c3-97f9-b18eb73d7d92.JPG	
image	i066	e6eaf8e8-0ab3-40cd-866e-03be9aae558b.jpg	
image	i067	e9798977-2762-4bd8-8921-0f57a2e690ed.JPG	
image	i068	f07c73e7-680d-4a2a-8222-941301564dcd.JPG	
image	i069	f1895894-9eae-4e2a-a8a8-fbf89c6d8230.jpg	
image	i070	f8710d01-24d4-4a4a-b8b8-81390c5f41ce.JPG	
image	i071	IMG_0037.HEIC	
image	i072	IMG_0476.HEIC	
image	i073	IMG_0493.HEIC	
image	i074	IMG_0556.HEIC	
image	i075	IMG_0649.HEIC	
image	i076	IMG_0680.HEIC	
image	i077	IMG_0750.HEIC	
image	i078	IMG_0812.HEIC	
image	i079	IMG_0901.heic	
image	i080	IMG_0991.HEIC	
image	i081	IMG_1112.PNG	
image	i082	IMG_1174.HEIC	
image	i083	IMG_1198.HEIC	
image	i084	IMG_1207.JPG	
image	i085	IMG_1490.heic	
image	i086	IMG_1511.HEIC	
image	i087	IMG_1567.HEIC	
image	i088	IMG_1570.HEIC	
image	i089	IMG_1584.heic	
image	i090	IMG_1729.heic	
image	i091	IMG_1737.HEIC	
image	i092	IMG_1748.JPG	
image	i093	IMG_1750.HEIC	
image	i094	IMG_1754.HEIC	
image	i095	IMG_1765.HEIC	
image	i096	IMG_1770.HEIC	
image	i097	IMG_1879.heic	
image	i098	IMG_1889.HEIC	
image	i099	IMG_1892.jpg	
image	i100	IMG_1897.JPG	
image	i101	IMG_2008.HEIC	
image	i102	IMG_2055.heic	
image	i103	IMG_2063.JPG	
image	i104	IMG_2097.HEIC	
image	i105	IMG_2189.JPG	
image	i106	IMG_2197.HEIC	
image	i107	IMG_2207.HEIC	
image	i108	IMG_2227.HEIC	
image	i109	IMG_2251.JPG	
image	i110	IMG_2367.JPG	
image	i111	IMG_2369.jpg	
image	i112	IMG_2392.HEIC	
image	i113	IMG_2454.HEIC	
image	i114	IMG_2469.HEIC	
image	i115	IMG_2498.HEIC	
image	i116	IMG_2500.HEIC	
image	i117	IMG_2566.HEIC	
image	i118	IMG_2618.HEIC	
image	i119	IMG_2638.heic	
image	i120	IMG_2654.heic	
image	i121	IMG_2673.HEIC	
image	i122	IMG_2756.JPG	
image	i123	IMG_2798.HEIC	
image	i124	IMG_2843.HEIC	
image	i125	IMG_2928.heic	
image	i126	IMG_2937.HEIC	
image	i127	IMG_2946.heic	
image	i128	IMG_2987.HEIC	
image	i129	IMG_3070.HEIC	
image	i130	IMG_3150.HEIC	
image	i131	IMG_3159.HEIC	
image	i132	IMG_3213.jpg	
image	i133	IMG_3228.HEIC	
image	i134	IMG_3323.HEIC	
image	i135	IMG_3329.HEIC	
image	i136	IMG_3330.HEIC	
image	i137	IMG_3333.HEIC	
image	i138	IMG_3359.HEIC	
image	i139	IMG_3373.HEIC	
image	i140	IMG_3414.HEIC	
image	i141	IMG_3429.HEIC	
image	i142	IMG_3435.HEIC	
image	i143	IMG_3489.heic	
image	i144	IMG_3565.heic	
image	i145	IMG_3582.heic	
image	i146	IMG_3638.heic	
image	i147	IMG_3640.HEIC	
image	i148	IMG_3682.HEIC	
image	i149	IMG_3822.HEIC	
image	i150	IMG_3881.HEIC	
image	i151	IMG_3909.HEIC	
image	i152	IMG_3913.HEIC	
image	i153	IMG_3921.heic	
image	i154	IMG_3952.HEIC	
image	i155	IMG_3965.HEIC	
image	i156	IMG_3983.HEIC	
image	i157	IMG_3987.HEIC	
image	i158	IMG_4066.HEIC	
image	i159	IMG_4078.HEIC	
image	i160	IMG_4086.HEIC	
image	i161	IMG_4087.heic	
image	i162	IMG_4241.HEIC	
image	i163	IMG_4303.JPG	
image	i164	IMG_4305.HEIC	
image	i165	IMG_4312.HEIC	
image	i166	IMG_4342.HEIC	
image	i167	IMG_4356.heic	
image	i168	IMG_4369.HEIC	
image	i169	IMG_4389.HEIC	
image	i170	IMG_4439.HEIC	
image	i171	IMG_4515.HEIC	
image	i172	IMG_4640.HEIC	
image	i173	IMG_4655.HEIC	
image	i174	IMG_4771.PNG	
image	i175	IMG_4832.HEIC	
image	i176	IMG_4957.HEIC	
image	i177	IMG_4963.HEIC	
image	i178	IMG_4973.jpg	
image	i179	IMG_4988.HEIC	
image	i180	IMG_5019.HEIC	
image	i181	IMG_5099.HEIC	
image	i182	IMG_5125.heic	
image	i183	IMG_5217.HEIC	
image	i184	IMG_5231.heic	
image	i185	IMG_5249.HEIC	
image	i186	IMG_5281.heic	
image	i187	IMG_5303.heic	
image	i188	IMG_5362.HEIC	
image	i189	IMG_5501.HEIC	
image	i190	IMG_5618.HEIC	
image	i191	IMG_5707.HEIC	
image	i192	IMG_5781.HEIC	
image	i193	IMG_5783.HEIC	
image	i194	IMG_5850.HEIC	
image	i195	IMG_5865.heic	
image	i196	IMG_5986.HEIC	
image	i197	IMG_5992.heic	
image	i198	IMG_6238.HEIC	
image	i199	IMG_6277.HEIC	
image	i200	IMG_6494.heic	
image	i201	IMG_6880.HEIC	
image	i202	IMG_7236.HEIC	
image	i203	IMG_7382.HEIC	
image	i204	IMG_7566.HEIC	
image	i205	IMG_7711.HEIC	
image	i206	IMG_8008.HEIC	
image	i207	IMG_8226.HEIC	
image	i208	IMG_9449.heic	
